brewerySlug,beerSlug,name,beers,description,beerStyle,malts,hops,line1,line2,abv,ibu,originalGravity,availability,Image,pageImage,mapImage,Calories,carb,beerurl,mainImage
empyrean,pitched-blue,Pitched Blue Black & Blueberry Ale,Pitched Blue Black & Blueberry Ale,"Find your thrill... Navigate the cosmos and awaken your senses to fresh blueberry and biscuit malts with subtle, stimulating dark notes. Our newest late-summer seasonal pairs well with grilled fish, ice cream and creme brulee.",Black and Blueberry Ale,"2-Row, Munich, Caramel 60, Honey Malt, Carafa III, Flaked Barley",Galena,Natural Blueberry Juice,,5,16,13.5,6-pack,https://firebasestorage.googleapis.com/v0/b/promotion-3abec.appspot.com/o/media%2Fbreweries%2Fempyrean%2Fbeers%2Fpitched-blue%2F_resized%2Fpitched-blue_3200x3200.png?alt=media,,https://firebasestorage.googleapis.com/v0/b/promotion-3abec.appspot.com/o/media%2Fbreweries%2Fempyrean%2Fbeers%2Fpitched-blue%2Fpitched-blue.png?alt=media,,,,
empyrean,aries-marzen,Aries Marzen Oktoberfest,Aries Marzen Oktoberfest,"A clean and balanced presentation of malty sweetness with a refreshing herbal hop finish. There's an Oktoberfest in every sip. Best enjoyed with savory pork dishes, slow-grilled meats, bold cheeses and smoked game.",fietbier october,Vienna and Caramunich,Perle and Tettnanger,Slightly malty,,5,28,13.7,6-pack,https://firebasestorage.googleapis.com/v0/b/promotion-3abec.appspot.com/o/media%2Fbreweries%2Fempyrean%2Fbeers%2Faries-marzen%2F_resized%2Faries-marzen_3200x3200.png?alt=media,,https://firebasestorage.googleapis.com/v0/b/promotion-3abec.appspot.com/o/media%2Fbreweries%2Fempyrean%2Fbeers%2Faries-marzen%2Faries-marzen.png?alt=media,,,,
empyrean,super-nova,Super Nova California Common,Super Nova California Common,"The backbone of smooth Pilsner malt and touch of sharp Rye complement the finish: a candy-citrus and fruit character from our blend of Amarillo and Galaxy hops. Smooth and light-bodied like all good summer beers, Super Nova™ is a formula for the modern era.",California Common,"Pilsner, Aromatic, 2-Row, Flaked Rye","Galaxy, Amarillo",Balanced,,5,33,13.1,6-pack,https://firebasestorage.googleapis.com/v0/b/promotion-3abec.appspot.com/o/media%2Fbreweries%2Fempyrean%2Fbeers%2Fsuper-nova%2F_resized%2Fsuper-nova_3200x3200.png?alt=media,,https://firebasestorage.googleapis.com/v0/b/promotion-3abec.appspot.com/o/media%2Fbreweries%2Fempyrean%2Fbeers%2Fsuper-nova%2Fsuper-nova.png?alt=media,,,,
empyrean,sun-slinger,SunSlinger XPA,SunSlinger XPA,"Plunge face-first into a cool, desert mirage, dripping with sunshine citrus and lemonade highlights. Warm, dry-hop aromas and flavors vibrate around you. A wheat-centered pale ale, generously dry-hopped for effect. Pale and crisp with lemon citrus highlights. Emerge refreshed, without the carbs or calories. Keep on ridin', long after the sun goes down.",Pale Ale,"Pale 2-Row, Wheat","Crystal, Triple Pearl",Slightly hoppy,,4,24,10,6-pack,https://firebasestorage.googleapis.com/v0/b/promotion-3abec.appspot.com/o/media%2Fbreweries%2Fempyrean%2Fbeers%2Fsun-slinger%2F_resized%2Fsun-slinger_3200x3200.png?alt=media,,https://firebasestorage.googleapis.com/v0/b/promotion-3abec.appspot.com/o/media%2Fbreweries%2Fempyrean%2Fbeers%2Fsun-slinger%2Fsun-slinger.png?alt=media,110,,,
empyrean,dark-side,Dark Side Vanilla Porter,Dark Side Vanilla Porter,"An infusion of old-world beer and contemporary soul. Smooth, dark and roasted with highlights of chocolate, coffee and vanilla. Pair with beef, Indian or Asian cuisine and chocolate or vanilla desserts.",Vanilla Porter,"2-Row, Caramel 60, Midnight Wheat, Aromatic and Roast", Perle and Cascade,Extra malty,Natural Vanilla,5,23,14.5,6-pack,https://firebasestorage.googleapis.com/v0/b/promotion-3abec.appspot.com/o/media%2Fbreweries%2Fempyrean%2Fbeers%2Fdark-side%2F_resized%2Fdark-side_3200x3200.png?alt=media,,https://firebasestorage.googleapis.com/v0/b/promotion-3abec.appspot.com/o/media%2Fbreweries%2Fempyrean%2Fbeers%2Fdark-side%2Fdark-side.png?alt=media,,,,
empyrean,long-route,Long Route Peanut Butter Porter,Long Route Peanut Butter Porter,"With delightful aroma of peanut butter cup, this beer maintains a porter backbone with twisting layers of chocolate, peanut butter and toast. An appealing balance of beer and peanut butter candy flavors. Pairs well with grilled meats, curry, Thai, baked apples and chocolate desserts.",Peanut Butter Porter,"Maris Otter, Biscuit, Dark Crystal, Roast and Midnight Wheat",Meridian,"Artificial Peanut Butter Flavoring (non-allergenic), Flaked Oats and Lactose (Milk Sugar)",Extra malty,5,20,,6-pack,https://firebasestorage.googleapis.com/v0/b/promotion-3abec.appspot.com/o/media%2Fbreweries%2Fempyrean%2Fbeers%2Flong-route%2F_resized%2Flong-route_3200x3200.png?alt=media,,https://firebasestorage.googleapis.com/v0/b/promotion-3abec.appspot.com/o/media%2Fbreweries%2Fempyrean%2Fbeers%2Flong-route%2Flong-route.png?alt=media,,,,
empyrean,watch-man-ipa,Watch Man IPA,Watch Man IPA,"Serving as an ancient navigational pointer and constructed from unworked stones in the likeness of a human, INUKSHUK means, “you are on the right path.” Watch Man IPA keeps the bitterness firm but in check, and it is accented by floral and citrus notes from the hops. Pair with flaky grilled fish, creamy pastas and hearty salads.",IPA,"2-Row, Caramel 60 and Aromatic","Grown in Nebraska -- Nugget, Columbus, Cashmere and Centennial",, Extra hoppy,6,58,14.3,6-pack,https://firebasestorage.googleapis.com/v0/b/promotion-3abec.appspot.com/o/media%2Fbreweries%2Fempyrean%2Fbeers%2Fwatch-man-ipa%2F_resized%2Fwatch-man-ipa_3200x3200.png?alt=media,,https://firebasestorage.googleapis.com/v0/b/promotion-3abec.appspot.com/o/media%2Fbreweries%2Fempyrean%2Fbeers%2Fwatch-man-ipa%2Fwatch-man-ipa.png?alt=media,,,,
empyrean,chaco-canyon-gold,Chaco Canyon Gold,Chaco Canyon Gold,"We brew this easy-going golden ale with a bit of Nebraska honey for a unique, sweet-yet-dry character, balanced with a crisp hop finish. Pair with fried foods, Southwest cuisine and grilled chicken or fish.",,"2-Row, Caramel Munich, Caramel 60 and Euro Pils",Perle and Cascade,Natural Honey, Slightly malty,4,21,12,6-pack,https://firebasestorage.googleapis.com/v0/b/promotion-3abec.appspot.com/o/media%2Fbreweries%2Fempyrean%2Fbeers%2Fchaco-canyon-gold%2F_resized%2Fchaco-canyon-gold_3200x3200.png?alt=media,,https://firebasestorage.googleapis.com/v0/b/promotion-3abec.appspot.com/o/media%2Fbreweries%2Fempyrean%2Fbeers%2Fchaco-canyon-gold%2Fchaco-canyon-gold.png?alt=media,,,,
empyrean,zookeeper-pink-guava,Zookeeper Pink Guava,Zookeeper Pink Guava,"As the Lincoln Children’s Zoo reopens to members and the public, a brand-new beer hits store shelves with proceeds supporting the Zoo’s expansion project. Named Zookeeper Pink Guava Pale Ale, this fierce, limited-edition brew offers a light, refreshing body with an exotic twist due to the addition of fresh guava puree. This sweet-natured pale ale has a reputation for running wild.",American Pale Ale,"Pale 2-Row, Pilsner, Melanodin, Blonde Oats","Sabro, Comet (Nebraska-grown)",,Hoppy,5,35,12.5,6-pack,https://firebasestorage.googleapis.com/v0/b/promotion-3abec.appspot.com/o/media%2Fbreweries%2Fempyrean%2Fbeers%2Fzookeeper-pink-guava%2F_resized%2Fzookeeper-pink-guava_3200x3200.png?alt=media,,https://firebasestorage.googleapis.com/v0/b/promotion-3abec.appspot.com/o/media%2Fbreweries%2Fempyrean%2Fbeers%2Fzookeeper-pink-guava%2Fzookeeper-pink-guava.png?alt=media,,,,
empyrean,luna-sea,Luna Sea,Luna Sea,"Extra Special Bitter is our homage to the best of English beers. Brewed with imported English malts for a bold, caramel-sweet, yet crisp ale. So balanced, it's lunacy! Pair with grilled steak, salmon, BBQ, wild game and caramel desserts.",IPA,"2-Row, Biscuit, Caramel 60 and Aromatic",Galena and Cluster,Extra Special Bitter (ESP),Balanced,6,31,14.5,6-pack bottles and 5- and 15.5-gallon kegs,https://firebasestorage.googleapis.com/v0/b/promotion-3abec.appspot.com/o/media%2Fbreweries%2Fempyrean%2Fbeers%2Fluna-sea%2F_resized%2Fluna-sea_3200x3200.png?alt=media,,https://firebasestorage.googleapis.com/v0/b/promotion-3abec.appspot.com/o/media%2Fbreweries%2Fempyrean%2Fbeers%2Fluna-sea%2Fluna-sea.png?alt=media,,,,
empyrean,mind-over-mango,Mind Over Mango,Mind Over Mango,"Hush. Hush. Listen and find stillness to receive the mindful union of bitter hops and sweet mango, symbols of health, wealth and immortality. This brut style IPA pairs well with beef, BBQ, grilled salmon and fruity desserts.",IPA,"2-Row, Aromatic, CaraRed, White Wheat","Citra, Mosaic", Natural Mango,Extra Hoppy,6,58,14,6-pack,https://firebasestorage.googleapis.com/v0/b/promotion-3abec.appspot.com/o/media%2Fbreweries%2Fempyrean%2Fbeers%2Fmind-over-mango%2F_resized%2Fmind-over-mango_3200x3200.png?alt=media,,https://firebasestorage.googleapis.com/v0/b/promotion-3abec.appspot.com/o/media%2Fbreweries%2Fempyrean%2Fbeers%2Fmind-over-mango%2Fmind-over-mango.png?alt=media,,,,
empyrean,third-stone-brown,Third Stone Brown,Third Stone Brown,"A myth-shattering ale that proves all dark beers don't have to be filling. Sweetly smooth with nutty hints of roasted caramel flavor. Pair with grilled beef or vegetables, Southwest cuisine and caramel desserts.",Brown,"2-Row, Caramel 60, Midnight Wheat and Biscuit",Willamette,,Malty,5,13,13.3,6-pack,https://firebasestorage.googleapis.com/v0/b/promotion-3abec.appspot.com/o/media%2Fbreweries%2Fempyrean%2Fbeers%2Fthird-stone-brown%2F_resized%2Fthird-stone-brown_3200x3200.png?alt=media,,https://firebasestorage.googleapis.com/v0/b/promotion-3abec.appspot.com/o/media%2Fbreweries%2Fempyrean%2Fbeers%2Fthird-stone-brown%2Fthird-stone-brown.png?alt=media,,,,
empyrean,burning-skye-scottish,Burning Skye Scottish,Burning Skye Scottish,"Brewed in the tradition of Scotland's malty-sweet beers. Sweet and smooth with a wee hint of smoked character. Pair with grilled chicken, beef, BBQ or wild game.",,"2-Row, Honey, Smoked, Biscuit, Caramel 60 and Midnight Wheat",Nugget and Cascade,,Extra Malty,5,13,13,6-pack,https://firebasestorage.googleapis.com/v0/b/promotion-3abec.appspot.com/o/media%2Fbreweries%2Fempyrean%2Fbeers%2Fburning-skye-scottish%2F_resized%2Fburning-skye-scottish_3200x3200.png?alt=media,,https://firebasestorage.googleapis.com/v0/b/promotion-3abec.appspot.com/o/media%2Fbreweries%2Fempyrean%2Fbeers%2Fburning-skye-scottish%2Fburning-skye-scottish.png?alt=media,,,,
zipline,dear-old,Dear Old Nebraska Brew,Dear Old Nebraska Brew,"An American lager, it will be available initially on draft at the Champions Club and available for retail purchase in other locations around the state this fall. Zipline will donate a dollar from every case sold to support Nebraska alumni engagement programs.",Lager,,,,,4.8,n/a,n/a,6-pack,,,https://firebasestorage.googleapis.com/v0/b/promotion-3abec.appspot.com/o/media%2Fbreweries%2Fzipline%2Fbeers%2Fdear-old%2Fdear-old.png?alt=media,,,,
zipline,milk-stout,Milk Stout,Milk Stout,"Silky milk sugar smoothes out the dark chocolate and coffee notes of this classic stout, making it the perfect fireside treat.",Milk Stout,,,,,5.8,47,n/a,6-pack,,,https://firebasestorage.googleapis.com/v0/b/promotion-3abec.appspot.com/o/media%2Fbreweries%2Fzipline%2Fbeers%2Fmilk-stout%2Fmilk-stout.png?alt=media,,,,
zipline,festbier,Festbier,Festbier,This golden lager was inspired by the beers served at the modern day Oktoberfest celebration in Munich. Drinks smooth and crisp with hearty malt flavor. Prost!,Festbier,,,Malty Crisp,,6,20,n/a,6-pack,,,https://firebasestorage.googleapis.com/v0/b/promotion-3abec.appspot.com/o/media%2Fbreweries%2Fzipline%2Fbeers%2Ffestbier%2Ffestbier.png?alt=media,,,,
zipline,gold-lager,Gold Lager,Gold Lager,This refreshingly drinkable golden lager balances floral hop aroma with rich malt character.,Lager,"Pilsner, Vienna","Hallertau, Tettnang",,,6,18,n/a,6-pack,,,https://firebasestorage.googleapis.com/v0/b/promotion-3abec.appspot.com/o/media%2Fbreweries%2Fzipline%2Fbeers%2Fgold-lager%2Fgold-lager.png?alt=media,,,,
zipline,nz,NZ IPA,NZ IPA,"Once the flagship beer of Zipline, the NZ IPA is back for a limited time. With heaps of Motueka, Rakau, and Wakatu, and that classic rich malt base, fans of our very first IPA will instantly suss out the unique flavors of citrus, honey and blackberry in this OG Zipline IPA.",IPA,,,,,6.8,n/a,n/a,6-pack,,,https://firebasestorage.googleapis.com/v0/b/promotion-3abec.appspot.com/o/media%2Fbreweries%2Fzipline%2Fbeers%2Fnz%2Fnz.png?alt=media,,,,
zipline,easy-lift,Easy Lifting IPA,Easy Lifting IPA,"Drop the calories, but not the hops, and take it easy with this refreshing IPA.",IPA,,,"CITRUS, LIGHT, CRISP",,4.3,,n/a,6-pack,,,https://firebasestorage.googleapis.com/v0/b/promotion-3abec.appspot.com/o/media%2Fbreweries%2Fzipline%2Fbeers%2Feasy-lift%2Feasy-lift.png?alt=media,110,,,
zipline,cloudlifter-tropical-hazy-ipa,Tropical Cloudlifter Hazy IPA,Tropical Cloudlifter Hazy IPA,"We packed this Brave New Brew with pineapple and passionfruit puree, enhancing it’s already juicy hop flavors and aromas of our year round Cloudlifter Hazy IPA!",IPA,,,,,8,n/a,n/a,6-pack,,,https://firebasestorage.googleapis.com/v0/b/promotion-3abec.appspot.com/o/media%2Fbreweries%2Fzipline%2Fbeers%2Fcloudlifter-tropical-hazy-ipa%2Fcloudlifter-tropical-hazy-ipa.png?alt=media,,,,
zipline,cloudlifter-hazy-ipa,Cloudlifter Hazy IPA,Cloudlifter Hazy IPA,"Juicy pineapple and orange notes shine through in this cirrus-ly hazy, hoppy delight.",IPA,"Pilsner, Wheat, Oats","Sultana, Mosaic, Amarillo",HAZY IPA,"JUICY, DANK, PINEAPPLE",7,n/a,n/a,6-pack,,,https://firebasestorage.googleapis.com/v0/b/promotion-3abec.appspot.com/o/media%2Fbreweries%2Fzipline%2Fbeers%2Fcloudlifter-hazy-ipa%2Fcloudlifter-hazy-ipa.png?alt=media,,,,
zipline,copper-alt,Copper Alt.,Copper Alt.,"2015 GREAT AMERICAN BEER FESTIVAL® · GOLD MEDAL · GERMAN-STYLE ALTBIER A hybrid style between an ale and a lager, this bronze-hued brew goes down easy with subtle nuances of chocolate and hazelnut.",GERMAN ALTBIER,"Pilsner, Carahell, Special B, Caramel, Carafa","Magnum, Hallertau, Sterling", HAZELNUT,MALTY,5.2,26,n/a,6-pack,,,https://firebasestorage.googleapis.com/v0/b/promotion-3abec.appspot.com/o/media%2Fbreweries%2Fzipline%2Fbeers%2Fcopper-alt%2Fcopper-alt.png?alt=media,,,,
zipline,daaang-ipa,DAAANG! IPA,DAAANG! IPA,This new American IPA is so dank and tangy its name was instantly obvious.,IPA,"Pilsner, Vienna","Simcoe, CItra, Mosaic",DOUBLE IPA," DANK, TANGY, HOPPY",8,45,n/a,6-pack,,,https://firebasestorage.googleapis.com/v0/b/promotion-3abec.appspot.com/o/media%2Fbreweries%2Fzipline%2Fbeers%2Fdaaang-ipa%2Fdaaang-ipa.png?alt=media,,,,
zipline,german-style-kolsch,German-Style KÖLSCH,German-Style KÖLSCH,"A refreshing ale that drinks like a lager, our German-style Kölsch pours straw yellow with hints of honey malt character and a smooth, crisp finish.",GERMAN KÖLSCH,"Pils, Munich & Local Organic White Wheat","Magnum, Tettnang",,"CRISP, HONEY, SMOOTH",5.4,24,n/a,6-pack,,,https://firebasestorage.googleapis.com/v0/b/promotion-3abec.appspot.com/o/media%2Fbreweries%2Fzipline%2Fbeers%2Fgerman-style-kolsch%2Fgerman-style-kolsch.png?alt=media,,,,
zipline,hazy-ipa,Hazy IPA,Hazy IPA,"Bright grapefruit and citrus aromas accentuate the smooth, juicy flavor of our flagship hazy IPA.",IPA,"Pilsner, Wheat, Oats","Centennial, Citra, Mosaic",HAZY IPA,"GRAPEFRUIT, CITRUS, JUICY",5.5,n/a,n/a,6-pack,,,https://firebasestorage.googleapis.com/v0/b/promotion-3abec.appspot.com/o/media%2Fbreweries%2Fzipline%2Fbeers%2Fhazy-ipa%2Fhazy-ipa.png?alt=media,,,,
zipline,ipa,IPA,IPA,"This bright, golden IPA overflows with juicy hops, showcasing a sublime blend of tropical citrus, grapefruit and mango aromas.",IPA,"Pilsner, Honey, Crystal",unknown,AMERICAN IPA," CITRUS, GRAPEFRUIT, MANGO",6.5,60,n/a,6-pack,,,https://firebasestorage.googleapis.com/v0/b/promotion-3abec.appspot.com/o/media%2Fbreweries%2Fzipline%2Fbeers%2Fipa%2Fipa.png?alt=media,,,,
zipline,local-time,Local Time,Local Time,"When you want an easy drinking lager that’s low in calories but doesn’t sell out on taste, It’s Local Time.",Light Lager,"Pilsner, Vienna","Amarillo, Magnum",American Lager," CRISP, LIGHT, REFRESHING",4,n/a,n/a,6-pack,,,https://firebasestorage.googleapis.com/v0/b/promotion-3abec.appspot.com/o/media%2Fbreweries%2Fzipline%2Fbeers%2Flocal-time%2Flocal-time.png?alt=media,100,4g,,
kinkaider,hirams-bones,Barrel Aged Hiram Bones Pack,Barrel Aged Hiram Bones Pack,"The Imperial Porter pours pitch black with an exceptional bourbon nose. Complex yet extremely easy to drink. You will taste a light oaky flavor from the barrel along with roasted coffee, dark chocolate, slight vanilla, caramel & a strong bourbon flavor with none of the alcohol burn of whiskey.",Porter Imperial Double,,,,,10.6,76,,6-Pack bottles,https://firebasestorage.googleapis.com/v0/b/promotion-3abec.appspot.com/o/media%2Fbreweries%2Fkinkaider%2Fbeers%2Fhirams-bones%2F_resized%2Fhirams-bones_3200x3200.png?alt=media,,https://firebasestorage.googleapis.com/v0/b/promotion-3abec.appspot.com/o/media%2Fbreweries%2Fkinkaider%2Fbeers%2Fhirams-bones%2Fhirams-bones.png?alt=media,,,,
kinkaider,snow-beast,Snow Beast Winter Ale,Snow Beast Winter Ale,A creamy ale with strong vanilla flavors and aromas. It finishes with a warmth from the alcohol as well as the cinnamon. This is a surprisingly easy drinking beer and perfect for the winter cold.,Winter Warmer,"Maris Otter, C80, Blackprinz",Horizon,,,6.8,31,,6-Pack bottles,https://firebasestorage.googleapis.com/v0/b/promotion-3abec.appspot.com/o/media%2Fbreweries%2Fkinkaider%2Fbeers%2Fsnow-beast%2F_resized%2Fsnow-beast_3200x3200.png?alt=media,,https://firebasestorage.googleapis.com/v0/b/promotion-3abec.appspot.com/o/media%2Fbreweries%2Fkinkaider%2Fbeers%2Fsnow-beast%2Fsnow-beast.png?alt=media,,,,
kinkaider,radler,Grapefruit Radler,Grapefruit Radler,An easy drinking wheat blended with freshly brewed grapefruit soda makes for a crushable beer after a day of biking.,Shandy Randler,,,,,3.5,12,,6-Pack bottles,https://firebasestorage.googleapis.com/v0/b/promotion-3abec.appspot.com/o/media%2Fbreweries%2Fkinkaider%2Fbeers%2Fradler%2F_resized%2Fradler_3200x3200.png?alt=media,,https://firebasestorage.googleapis.com/v0/b/promotion-3abec.appspot.com/o/media%2Fbreweries%2Fkinkaider%2Fbeers%2Fradler%2Fradler.png?alt=media,,,,
kinkaider,hail,Hail Ale,,"Hail Ale is an easy-drinking, light ale brewed with Nebraska corn and lightly hopped! Light enough for sweltering September Saturdays in Nebraska and enough flavor to last all season. A collaboration between Kinkaider Brewing Co. and Hail Varsity. Go Big Red! ",Cream Ale,n/a,n/a,,,4.2,14,,6-Pack bottles,https://firebasestorage.googleapis.com/v0/b/promotion-3abec.appspot.com/o/media%2Fbreweries%2Fkinkaider%2Fbeers%2Fhail%2F_resized%2Fhail_3200x3200.png?alt=media,,https://firebasestorage.googleapis.com/v0/b/promotion-3abec.appspot.com/o/media%2Fbreweries%2Fkinkaider%2Fbeers%2Fhail%2Fhail.png?alt=media,,,,
kinkaider,j-raspberry,Devil's Gap Rasberry,Devil's Gap Rasberry,Devil's Gap Jalapeño Ale with Raspberries added. Slightly spicy and sweet.,Spiced Herbed Beer,,,,,5,7,,6-Pack bottles,https://firebasestorage.googleapis.com/v0/b/promotion-3abec.appspot.com/o/media%2Fbreweries%2Fkinkaider%2Fbeers%2Fj-raspberry%2F_resized%2Fj-raspberry_3200x3200.png?alt=media,,https://firebasestorage.googleapis.com/v0/b/promotion-3abec.appspot.com/o/media%2Fbreweries%2Fkinkaider%2Fbeers%2Fj-raspberry%2Fj-raspberry.png?alt=media,,,,
kinkaider,dan-wiser-peach,Dan the Wiser Peach Ale,Dan the Wiser Peach Ale,"Kinkaider Brewing Dan The Wiser is a German style ale that has some mild fruit like flavors and aroma. An all-around great beer to be enjoyed just about anywhere, anytime. Dan likes to pour himself one after a dusty ride on his iron steed.",Kolsch Peach,,,,,5.1,20,,6-Pack bottles,https://firebasestorage.googleapis.com/v0/b/promotion-3abec.appspot.com/o/media%2Fbreweries%2Fkinkaider%2Fbeers%2Fdan-wiser-peach%2F_resized%2Fdan-wiser-peach_3200x3200.png?alt=media,,https://firebasestorage.googleapis.com/v0/b/promotion-3abec.appspot.com/o/media%2Fbreweries%2Fkinkaider%2Fbeers%2Fdan-wiser-peach%2Fdan-wiser-peach.png?alt=media,,,,
kinkaider,herd-blackberry,Herd's Law Blackberry Wheat,Herd's Law Blackberry Wheat,Dark wheat ale with blackberry puree added.,Blackberry Wheat," Northern Brewer, Mosaic","2-Row, Wheat, Midnight Wheat, C40",,,5.2,20,,6-Pack bottles,https://firebasestorage.googleapis.com/v0/b/promotion-3abec.appspot.com/o/media%2Fbreweries%2Fkinkaider%2Fbeers%2Fherd-blackberry%2F_resized%2Fherd-blackberry_3200x3200.png?alt=media,,https://firebasestorage.googleapis.com/v0/b/promotion-3abec.appspot.com/o/media%2Fbreweries%2Fkinkaider%2Fbeers%2Fherd-blackberry%2Fherd-blackberry.png?alt=media,,,,
kinkaider,dragon,Dragon Juice IPA,Dragon Juice IPA,"Bright, juicy tropical and citrus fruit flavors with strong hop aroma from Amarillo, El Dorado and Citra hops. Smooth, subtle bitterness and a clean finish.",IPA,,,,,6,20,,6-Pack bottles,https://firebasestorage.googleapis.com/v0/b/promotion-3abec.appspot.com/o/media%2Fbreweries%2Fkinkaider%2Fbeers%2Fdragon%2F_resized%2Fdragon_3200x3200.png?alt=media,,https://firebasestorage.googleapis.com/v0/b/promotion-3abec.appspot.com/o/media%2Fbreweries%2Fkinkaider%2Fbeers%2Fdragon%2Fdragon.png?alt=media,,,,
kinkaider,tropicale,Devil's Gap Tropicale Jalapeño Guava,Devil's Gap Tropicale Jalapeño Guava,Gap has been spending a lot of time close to the equator this winter and has taken an affinity for all flavors tropical! Pineapple and guava stood out as the front-runners to mix with our jalapeño ale to create Devil’s Gap TropicAle.,Jalapeño Guava Ale,,,,,5,17,,6-Pack bottles,https://firebasestorage.googleapis.com/v0/b/promotion-3abec.appspot.com/o/media%2Fbreweries%2Fkinkaider%2Fbeers%2Ftropicale%2F_resized%2Ftropicale_3200x3200.png?alt=media,,https://firebasestorage.googleapis.com/v0/b/promotion-3abec.appspot.com/o/media%2Fbreweries%2Fkinkaider%2Fbeers%2Ftropicale%2Ftropicale.png?alt=media,,,,
kinkaider,star-snake-dank,Star Snake Dank,Star Snake Dank,"A bright and fresh hopped IPA like our Star Snake Dank IPA pairs well with spicy foods to balance out the heat, or heavy and salty foods to counterbalance the taste.",IPA,unknown,unknown,,,7.6,84,,6-Pack bottles,https://firebasestorage.googleapis.com/v0/b/promotion-3abec.appspot.com/o/media%2Fbreweries%2Fkinkaider%2Fbeers%2Fstar-snake-dank%2F_resized%2Fstar-snake-dank_3200x3200.png?alt=media,,https://firebasestorage.googleapis.com/v0/b/promotion-3abec.appspot.com/o/media%2Fbreweries%2Fkinkaider%2Fbeers%2Fstar-snake-dank%2Fstar-snake-dank.png?alt=media,,,,
kinkaider,oktoberfest,Oktoberfest,Oktoberfest,"A nod to the German Festbier, this fresh pale lager has a strong malt backbone and a clean finish. It's the perfect beer to welcome the change of the seasons and anticipate harvest time.",German Festbier Lager October,"2-Row, Vienna, Munich, C40",Hallertauer Mittelfrueh,,,5.5,25,,6-Pack bottles,https://firebasestorage.googleapis.com/v0/b/promotion-3abec.appspot.com/o/media%2Fbreweries%2Fkinkaider%2Fbeers%2Foktoberfest%2F_resized%2Foktoberfest_3200x3200.png?alt=media,,https://firebasestorage.googleapis.com/v0/b/promotion-3abec.appspot.com/o/media%2Fbreweries%2Fkinkaider%2Fbeers%2Foktoberfest%2Foktoberfest.png?alt=media,,,,
kinkaider,dan-the-wiser,Dan the Wiser,Dan the Wiser,"Dan The Wiser is a German style ale that has some mild fruit like flavors and aroma.  An all-around great beer to be enjoyed just about anywhere, anytime.  Dan likes to pour himself one after a dusty ride on his iron steed.",German Kolsch ,"2-Row, Goldpils",Hallertauer,,,4.3,20,,6-Pack bottles,https://firebasestorage.googleapis.com/v0/b/promotion-3abec.appspot.com/o/media%2Fbreweries%2Fkinkaider%2Fbeers%2Fdan-the-wiser%2F_resized%2Fdan-the-wiser_3200x3200.png?alt=media,,https://firebasestorage.googleapis.com/v0/b/promotion-3abec.appspot.com/o/media%2Fbreweries%2Fkinkaider%2Fbeers%2Fdan-the-wiser%2Fdan-the-wiser.png?alt=media,,,,
kinkaider,frame-the-butcher,Frame The Butcher,Frame The Butcher,The Kinkaider well pulls up glorious Nebraska Sandhills water.  We merge that with the perfect blend of hops to give Frame the Butcher IPA a fresh aroma and a bright taste.,IPA," 2-Row, Munich, C40","Chinook, Cascade, Palisade, Centennial",West Coast Style IPAs ,,6.3,65,,6-Pack bottles,https://firebasestorage.googleapis.com/v0/b/promotion-3abec.appspot.com/o/media%2Fbreweries%2Fkinkaider%2Fbeers%2Fframe-the-butcher%2F_resized%2Fframe-the-butcher_3200x3200.png?alt=media,,https://firebasestorage.googleapis.com/v0/b/promotion-3abec.appspot.com/o/media%2Fbreweries%2Fkinkaider%2Fbeers%2Fframe-the-butcher%2Fframe-the-butcher.png?alt=media,,,,
kinkaider,herd-law,Herd Law ,Herd Law ,A beautiful golden American wheat ale dosed with honey harvested from hives right off the farm.  The spent grains fed to the cattle next to the hives.  A fantastic drinking experience that is farm fresh and full circle.,Wheat Ale,"Pilsner, Wheat, Goldpils, C40, Honey","Northern Brewer, Hallertauer, Saaz",American Wheat Ale,"light, crisp, and slightly malty taste",4.8,22,,6-Pack bottles,https://firebasestorage.googleapis.com/v0/b/promotion-3abec.appspot.com/o/media%2Fbreweries%2Fkinkaider%2Fbeers%2Fherd-law%2F_resized%2Fherd-law_3200x3200.png?alt=media,,https://firebasestorage.googleapis.com/v0/b/promotion-3abec.appspot.com/o/media%2Fbreweries%2Fkinkaider%2Fbeers%2Fherd-law%2Fherd-law.png?alt=media,,,,
kinkaider,bangarang,Bangarang,Bangarang,This New England Style IPA is the newest addition to Kinkaider's IPA lineup.,IPA,,"Galaxy, Strata & Sabro",,,5.7,24,,,https://firebasestorage.googleapis.com/v0/b/promotion-3abec.appspot.com/o/media%2Fbreweries%2Fkinkaider%2Fbeers%2Fbangarang%2F_resized%2Fbangarang_3200x3200.png?alt=media,,https://firebasestorage.googleapis.com/v0/b/promotion-3abec.appspot.com/o/media%2Fbreweries%2Fkinkaider%2Fbeers%2Fbangarang%2Fbangarang.png?alt=media,,,,
kinkaider,4-county,4-County,4-County,Our new recipe uses 4 hop varieties that provide plenty of citrus aroma and flavor. The malt backbone supports a mild bitterness making this a perfect beer for any occasion.,Pale Ale,"2-Row, Maris Otter, C60, C80, Carapils","Falconer's Flight, Cascade, Citra, Equinox",,malty with hoppy aroma,5.5,38,,6-Pack bottles,https://firebasestorage.googleapis.com/v0/b/promotion-3abec.appspot.com/o/media%2Fbreweries%2Fkinkaider%2Fbeers%2F4-county%2F_resized%2F4-county_3200x3200.png?alt=media,,https://firebasestorage.googleapis.com/v0/b/promotion-3abec.appspot.com/o/media%2Fbreweries%2Fkinkaider%2Fbeers%2F4-country%2F4-country.png?alt=media&token=0416d9ff-4356-4787-b151-dcc82171f251,,,,
kinkaider,snozzberry,Snozzberry,Snozzberry,The Snozzberries taste like Snozzberries! A collaboration brewed with Local Patio and Kitchen.,Sour," 2-Row, Wheat, Pilsner, Munich",East Kent Goldings,,sour then lightly sweet,5.1,12,,6-Pack bottles,https://firebasestorage.googleapis.com/v0/b/promotion-3abec.appspot.com/o/media%2Fbreweries%2Fkinkaider%2Fbeers%2Fsnozzberry%2F_resized%2Fsnozzberry_3200x3200.png?alt=media,,https://firebasestorage.googleapis.com/v0/b/promotion-3abec.appspot.com/o/media%2Fbreweries%2Fkinkaider%2Fbeers%2Fsnozzberry%2Fsnozzberry.png?alt=media,,,,
kinkaider,devils-gap-j,Devil's Gap Jalapeño Ale,Devil's Gap Jalapeño Ale,Our award winning jalapeno ale gives you an intense jalapeno flavor with a slightly heated finish and aroma.  The perfection in this beer will please both heat seekers and flavor chasers.  The beer that truly has something for everyone to enjoy.,Jalapeño Ale,"2-Row, Rye, C20, C60",Saaz,,,4.7,10,,6-Pack bottles,https://firebasestorage.googleapis.com/v0/b/promotion-3abec.appspot.com/o/media%2Fbreweries%2Fkinkaider%2Fbeers%2Fdevils-gap-j%2F_resized%2Fdevils-gap-j_3200x3200.png?alt=media,,https://firebasestorage.googleapis.com/v0/b/promotion-3abec.appspot.com/o/media%2Fbreweries%2Fkinkaider%2Fbeers%2Fdevils-gap-j%2Fdevils-gap-j.png?alt=media,,,,
krosstrain,southern,Southern Hopisphere,Southern Hopisphere,"Crikey, get the shrimp out and the barbie lit! Better than one of those big beers Australia is famous for, Southern Hopisphere is one of our juiciest IPAs yet! Packed with Galaxy and Vic Secret Hops, motueka, and nelson sauvin hops, you'll taste pineapple, mango, and citrus flavors in this brew!",New England IPA,,,,,7.5,62,,6-pack,,,https://firebasestorage.googleapis.com/v0/b/promotion-3abec.appspot.com/o/media%2Fbreweries%2Fkrosstrain%2Fbeers%2Fsouthern%2Fsouthern.png?alt=media,,,,
krosstrain,web-of-lies,Web of Lies,Web of Lies,"Our 'session' New England Double IPA is jam packed with Citra, Mosaic, and Sultana hops. Then for an extra juicy hit, we dry hopped with Sabro and Lotus.",Double New England Imperial IPA ,,,,,7.5,0,,6-pack,,,https://firebasestorage.googleapis.com/v0/b/promotion-3abec.appspot.com/o/media%2Fbreweries%2Fkrosstrain%2Fbeers%2Fweb-of-lies%2Fweb-of-lies.png?alt=media,,,,
krosstrain,ddh,Fairy Nectar Double Dry Hopped,Fairy Nectar Double Dry Hopped,"The 2018 Juicy Hazy IPA category Silver Medalist at GABF is Back! With the extra dose of Citra and Mosaic hops, this juice bomb will deliver exactly what you are looking for! Hazy, juicy, and full of tropical and citrus flavor all with very low bitterness, this is a NEIPA that hits all the right notes!",New England Double IPA,,,,,6.2,62,,6-pack,,,https://firebasestorage.googleapis.com/v0/b/promotion-3abec.appspot.com/o/media%2Fbreweries%2Fkrosstrain%2Fbeers%2Fddh%2Fddh.png?alt=media,,,,
krosstrain,nilla,Nilla Nectar,Nilla Nectar,"This small batch of our award winning Fairy Nectar was finished with freshly harvested vanilla caviar for a smooth, decadent IPA experience!",New England IPA Vanilla,,,,,6.2,65,,6-pack,,,https://firebasestorage.googleapis.com/v0/b/promotion-3abec.appspot.com/o/media%2Fbreweries%2Fkrosstrain%2Fbeers%2Fnilla%2Fnilla.png?alt=media,,,,
krosstrain,fairy-nectar,Fairy Nectar IPA,Fairy Nectar IPA,"Aromatic hops and notes of grapefruit, mango and tropical goodness fill this tasty IPA. Leaving very little bitterness behind.",New England IPA,,,,"Aromatic, hints of critius and mango",6.2,62,,6-pack,,,https://firebasestorage.googleapis.com/v0/b/promotion-3abec.appspot.com/o/media%2Fbreweries%2Fkrosstrain%2Fbeers%2Ffairy-nectar%2Ffairy-nectar.png?alt=media,,,,
krosstrain,krossteiner,Krossteiner,Krossteiner,A czech style pilsner with a 'keller' amount of haze! Dry hopped with saaz hops for the noblest of palates! A perfect pilsner for porches and patios! Na zdravi!,Pilsner,,,,,5,45,,6-pack,,,https://firebasestorage.googleapis.com/v0/b/promotion-3abec.appspot.com/o/media%2Fbreweries%2Fkrosstrain%2Fbeers%2Fkrossteiner%2Fkrossteiner.png?alt=media,,,,
krosstrain,helles-creek,Helles Creek,Helles Creek,Easy Drinking German Style lager light malt sweetness with no bitterness.,Lagar,,,,,4.8,16,,6-pack,,,https://firebasestorage.googleapis.com/v0/b/promotion-3abec.appspot.com/o/media%2Fbreweries%2Fkrosstrain%2Fbeers%2Fhelles-creek%2Fhelles-creek.png?alt=media,,,,
krosstrain,tan-limes,Tan Limes,Tan Limes,"Break out the flip flops and uncover the pool, because the first taste of summer is here! We brewed our version of a Light Mexican Lager and added lime so you don't have to! Add just a touch of salt and all you need is a beach front view!",Lagar,,,,,4.8,0,,6-pack,,,https://firebasestorage.googleapis.com/v0/b/promotion-3abec.appspot.com/o/media%2Fbreweries%2Fkrosstrain%2Fbeers%2Ftan-limes%2Ftan-limes.png?alt=media,,,,
krosstrain,rules-dont-apply,Rules Don't Apply,Rules Don't Apply,Do you make anything like a Hefeweizen?' We do now! Bright banana and clove flavors shine though from a yeast strain that's been used for generations,Hefeweizen,,,,,4.6,0,,6-pack,,,https://firebasestorage.googleapis.com/v0/b/promotion-3abec.appspot.com/o/media%2Fbreweries%2Fkrosstrain%2Fbeers%2Frules-dont-apply%2Frules-dont-apply.png?alt=media,,,,
krosstrain,dad-jokes,Dad Jokes,Dad Jokes,"Why Dad Jokes? Because they're Corny! Nebraska's first ever NEIPA (Nebraska IPA) made with flaked maize in the grain bill! Slightly sweet, but hopped with Cashmere, Centennial, Sabro and Zappa hops for the next big thing in IPA!",IPA,,,,,5.9,47,,6-pack,,,https://firebasestorage.googleapis.com/v0/b/promotion-3abec.appspot.com/o/media%2Fbreweries%2Fkrosstrain%2Fbeers%2Fdad-jokes%2Fdad-jokes.png?alt=media,,,,
krosstrain,hopstreaker,Hopstreaker,Hopstreaker,A late addition hop bursted pale ale using all Mosaic hops.,American Pale Ale,,,,,4.9,40,,6-pack,,,https://firebasestorage.googleapis.com/v0/b/promotion-3abec.appspot.com/o/media%2Fbreweries%2Fkrosstrain%2Fbeers%2Fhopstreaker%2Fhopstreaker.png?alt=media,,,,
bottlerocket,thefourth,The Fourth,The Fourth,"An easy drinking crisp lager made with barley, hops, and, of course, corn.",Lager,,,,,4.7,12,, 6-Pack Cans,,,https://firebasestorage.googleapis.com/v0/b/promotion-3abec.appspot.com/o/media%2Fbreweries%2Fbottlerocket%2Fbeers%2Fthefourth%2Fthefourth.png?alt=media,,,,
bottlerocket,golden-stout,Golden Stout,Golden Stout,"Deceiving in color, this contracdiction of a stout is brewed with light, biscuit malt and Indian Malabar coffee - from our local JD's coffee shop - to give it a rich flavor and golden hue... A perfection reflection of Nebraska's golden summer and stout winters.",Golden Stout,,,,,6.2,29,, 6-Pack Cans,,,https://firebasestorage.googleapis.com/v0/b/promotion-3abec.appspot.com/o/media%2Fbreweries%2Fbottlerocket%2Fbeers%2Fgolden-stout%2Fgolden-stout.PNG?alt=media,,,,
bottlerocket,blueberry-bomb,Blueberry Bomb,Blueberry Bomb,More beer than it is a blueberry beer. The flavor in this beer is more like a subtle spark than an explosion,American Wheat,,,,,5.9,22,, 6-Pack Cans,,,https://firebasestorage.googleapis.com/v0/b/promotion-3abec.appspot.com/o/media%2Fbreweries%2Fbottlerocket%2Fbeers%2Fblueberry-bomb%2Fblueberry-bomb.PNG?alt=media&token=debe25b4-e07f-4bfc-a247-5bbdaa8f4465,,,,
bottlerocket,blonde,Blonde,Blonde,"Easy drinking, smooth and amazing flavor are some of the terms used by visitors in our taproom. This beer has been a project of our brew masters for over a year, to fine tune a great beer. It has become our best selling beer in the taproom since it's launch. It is a great beer for any occasion, time of year or paired with most foods. ",Blonde Ale,,,,,5.2,20,, 6-Pack Cans,,,https://firebasestorage.googleapis.com/v0/b/promotion-3abec.appspot.com/o/media%2Fbreweries%2Fbottlerocket%2Fbeers%2Fblonde%2Fblonde.png?alt=media,,,,
bottlerocket,m-80,M-80,M-80,"The M-80 has explosive flavor without the hard bitter hit of an IPA. It carries a high bitter rating, but is very refreshing and easy on the taste buds. This is a beer that our Mug Club members picked as a favorite and we decided to add it to our list of cornerstone beers. For many of our taproom regulars, this is a go to beer.",Medium Pale Ale,,,,,5.7,63,, 6-Pack Cans,,,https://firebasestorage.googleapis.com/v0/b/promotion-3abec.appspot.com/o/media%2Fbreweries%2Fbottlerocket%2Fbeers%2Fm-80%2Fm-80.png?alt=media,,,,
bottlerocket,wickedspark,Wicked Spark,Wicked Spark,"a wheat IPA that has great hoppy flavor, but with smoothness of a wheat ale",IPA,,,,,5.3,63,, 6-Pack Cans,,,https://firebasestorage.googleapis.com/v0/b/promotion-3abec.appspot.com/o/media%2Fbreweries%2Fbottlerocket%2Fbeers%2Fwickedspark%2Fwickedspark.png?alt=media,,,,
code,elmo,Elmo IPA,Elmo IPA,El Dorado and Mosaic hops provide plenty of tropical and stone fruit aroma and flavor with a bit of a dank edge. It’s easy bitterness and smooth body will make you want more than one!,IPA,,,,,6.5,,,,,,https://firebasestorage.googleapis.com/v0/b/promotion-3abec.appspot.com/o/static%2Femptycan.png?alt=media,,,,
code,berrylemon,Berry Lemon Sour,Berry Lemon Sour,Wheat-based sour ale using lactobacillus and fruited with lots of blueberry and lemon. The combination of fruit kicks up the tartness of the beer.,Sour,n/a,n/a,,,4.8,6,,"On Tap, 6-Pack Cans",,,https://firebasestorage.googleapis.com/v0/b/promotion-3abec.appspot.com/o/media%2Fbreweries%2Fcode%2Fbeers%2Fberrylemon%2Fberrylemon.png?alt=media,,,,
code,continuous,Continuous Wave,Continuous Wave,Light and clean malt flavor with a hint of corn (from flaked corn) and a very subtle noble hop character. Nebraska-grown grains and hops make this beer truly a Nebraska grown ale. ,Cream Ale,n/a,n/a,,,5.5,n/a,n/a,"On Tap, 6-Pack Cans",,,https://firebasestorage.googleapis.com/v0/b/promotion-3abec.appspot.com/o/media%2Fbreweries%2Fcode%2Fbeers%2Fcontinuous%2Fcontinuous.png?alt=media,,,,
nebrew,cardinal,Cardinal Pale Ale,Cardinal Pale Ale,"Our American Pale Ale is golden in color, mildly bitter, and characterized by floral/citrus-like aromatics which are the result of an additional dry hopping with a very large amount of Cascade Hops. Crisp, crystal clear, and completely enjoyable.",American Pale Ale,"2-Row, Munich, Caramel 10, Caramel 20","Galena, Cascade",,,6,42,unknown,6-Pack Cans,,,https://firebasestorage.googleapis.com/v0/b/promotion-3abec.appspot.com/o/media%2Fbreweries%2Fnebrew%2Fbeers%2Fcardinal%2Fcardinal.png?alt=media,,,,
nebrew,tacoveza,Tacoveza,Tacoveza,A thirst quenching light lager inspired by the finer pale lagers of Mexico. Flaked Maize compliments our 2-row barley malt to help keep this beer dry and refreshing and also lends its own subtle flavor to the brew. Find something spicy to eat and put out the fire with Tacoveza!,Mexican Lager,"2-Row, Falked Maize",Liberty,,,4,9,,6-Pack Cans,,,https://firebasestorage.googleapis.com/v0/b/promotion-3abec.appspot.com/o/media%2Fbreweries%2Fnebrew%2Fbeers%2Ftacoveza%2Ftacoveza.png?alt=media,,,,
nebrew,brunette,Brunette Nut Brown,Brunette Nut Brown,"Our version of the classic English-style Brown Ale has a blend of six different malts and a hop schedule that results in a low hop character. The unique malt character brings to mind the taste of a blend of various nuts. Coffee, toffee, caramel tend to come to mind in this excellent session Ale.",Brown Ale,"Pale Ale, Aromatic, Oats, Caramel 60, Caramel 120, Chocolate",Galena,"Pairs Well:BBQ, Pizza, Smoked Gouda Cheese, grilled/roasted/braised meats.",,4.7,20,unknown,6-Pack Cans,,,https://firebasestorage.googleapis.com/v0/b/promotion-3abec.appspot.com/o/media%2Fbreweries%2Fnebrew%2Fbeers%2Fbrunette%2Fbrunette.png?alt=media,,,,
nebrew,eos,EOS Hefeweizen,EOS Hefeweizen,"This medium to full-bodied beer, pale to golden in color, is most accurately described as a Bavarian wheat beer. The aroma and flavor of this unfiltered beer is decidedly fruity and spicy evoking tastes and aromas of cloves, nutmeg or sometimes vanilla with banana-like esters. Somewhat sweeter in style with a barely noticeable tartness. An award winning Hefeweizen from the heartland.",Wheat Ale,"2-Row, Wheat, Caramel 10",Liberty,"Pairs Well:Salads, Salmon, Seafood Appetizers, Cheeses such as Goat.",,5.2,13,unknown,6-Pack Cans,,,https://firebasestorage.googleapis.com/v0/b/promotion-3abec.appspot.com/o/media%2Fbreweries%2Fnebrew%2Fbeers%2Feos%2Feos.png?alt=media,,,,
nebrew,ipa,IPA,IPA,"Our West Coast inspired India Pale Ale is rich in flavor and abundant in citrus, pine, and floral aromatics created through a wonderful infusion of Citra hops. Completely refreshing with a medium mouth-feel, crisp bitterness, and nearly balanced malt. Finishes dry with a head that creates excellent lacing. Beautifully Nebraskan.",IPA,"2-Row, Munich","Warrior, Chinook, Citra, & Centennial","Foods created with spice. Curry, roasted meats, & BBQ.",,6.9,72,unknown,6-Pack Cans,,,https://firebasestorage.googleapis.com/v0/b/promotion-3abec.appspot.com/o/media%2Fbreweries%2Fnebrew%2Fbeers%2Fipa%2Fipa.png?alt=media,,,,
nebrew,pils,Nebraska Pils,Nebraska Pils,Nebraska was home to many wonderful breweries before us. This Beer pays homage to some of The Choicest Products of the Brewers’ Art. Wonderfully bright and pale in color with a satisfying malt flavor. Classically Nebraskan.,Pale Lager,"Pilsner, Cara Pils","Sterling, Liberty",,,5.1,30,unknown,6-Pack Cans,,,https://firebasestorage.googleapis.com/v0/b/promotion-3abec.appspot.com/o/media%2Fbreweries%2Fnebrew%2Fbeers%2Fpils%2Fpils.png?alt=media,,,,
brickway,ginger,Ginger Beer,Ginger Beer,A non-alcoholic beverage with a hint of ginger freshness.,Ginger Beer non-alcoholic,,,,,0,n/a,,"On Tap, 6-Pack Cans",,,https://firebasestorage.googleapis.com/v0/b/promotion-3abec.appspot.com/o/media%2Fbreweries%2Fbrickway%2Fbeers%2Fginger%2Fginger.png?alt=media,,,,
brickway,oktoberfest,Oktoberfest,Oktoberfest,Full flavored lager with a hint of bitterness.,Octoberfest Lager,,,,,5.2,n/a,,"On Tap, 6-Pack Cans",,,https://firebasestorage.googleapis.com/v0/b/promotion-3abec.appspot.com/o/media%2Fbreweries%2Fbrickway%2Fbeers%2Foktoberfest%2Foktoberfest.png?alt=media,,,,
brickway,raspberry-hef,Raspberry Hefeweizen,Raspberry Hefeweizen,"Notes of maple syrup, toffee, nutty pecans, and roasted malt. Medium bodied with a sweet, semi-dry finish.",Raspberry Hefeweizen,,,,,5,n/a,,"On Tap, 6-Pack Cans",,,https://firebasestorage.googleapis.com/v0/b/promotion-3abec.appspot.com/o/static%2Femptycan.png?alt=media,,,,
brickway,juicyipa,Juicy IPA,Juicy IPA,"A hazier, juicier version of the One Way IPA, double dry hopped with Galaxy hops",IPA,,,,,5,n/a,,"On Tap, 6-Pack Cans",,,https://firebasestorage.googleapis.com/v0/b/promotion-3abec.appspot.com/o/media%2Fbreweries%2Fbrickway%2Fbeers%2Fjuicyipa%2Fjuicyipa.png?alt=media,,,,
brickway,pils,Pilsner,Pilsner,A crisp lager with soft Noble-type hops for a refeshing clean finish.,Pilsner,,,,,4.8,n/a,,"On Tap, 6-Pack Cans",,,https://firebasestorage.googleapis.com/v0/b/promotion-3abec.appspot.com/o/media%2Fbreweries%2Fbrickway%2Fbeers%2Fpils%2Fpils.png?alt=media,,,,
brickway,stout,Coffee Vanilla Stout,Coffee Vanilla Stout,Oatmeal milk stout with real vanilla and over 40lbs of cold steeped coffee per batch. *contains lactose ,Stout,unknown,unknown,Coffee,,5,n/a,n/a,"On Tap, 6-Pack Cans",,,https://firebasestorage.googleapis.com/v0/b/promotion-3abec.appspot.com/o/media%2Fbreweries%2Fbrickway%2Fbeers%2Fstout%2Fstout.png?alt=media,,,,
brickway,jalapeno,Jalapeno Pineapple Pilsner,Jalapeno Pineapple Pilsner,Our base pilsner with over 20lbs of fresh sliced jalapeno and loads of sweet Hawaiian pineapple puree. It tastes like gold and it won gold in 2019!,Pilsner,n/a,n/a,,,4.8,n/a,n/a,"On Tap, 6-Pack Cans",,,https://firebasestorage.googleapis.com/v0/b/promotion-3abec.appspot.com/o/media%2Fbreweries%2Fbrickway%2Fbeers%2Fjalapeno%2Fjalapeno.png?alt=media,,,,
lazyhorse,reckless-ipa,Reckless IPA,Reckless IPA,"This is a very balanced IPA with reduced bitterness and enhanced hop flavors and aromas. Fruity deliciousness balance out this unique IPA. If you're looking for piney dankness, this isn't the IPA for you. If you're looking for an easy drinking, palatable beer that doesn't blow out your taste buds.",IPA,,,,,7.2,56,,,,,https://firebasestorage.googleapis.com/v0/b/promotion-3abec.appspot.com/o/static%2Femptycan.png?alt=media,,,,
lazyhorse,blood-orange,Blood Orange,Blood Orange,A delicious beer made with Blood oranges and Coriander. Delicious and easy drinking.,Pale Ale Orange,,,,,5,30,,,,,https://firebasestorage.googleapis.com/v0/b/promotion-3abec.appspot.com/o/static%2Femptycan.png?alt=media,,,,
lazyhorse,salted-caramel,Salted Caramel Blonde,Salted Caramel Blonde,A light easy drinking beer with a touch of salt and a smooth caramel finish. Perfect for any season.,Salted Caramel Blonde,,,,,4.3,21,,"On Tap, 6-Pack Cans",,,https://firebasestorage.googleapis.com/v0/b/promotion-3abec.appspot.com/o/media%2Fbreweries%2Flazyhorse%2Fbeers%2Fsalted-caramel%2F_resized%2Fsalted-caramel_200x200.png?alt=media,,,,
lazyhorse,milk-stout,Milk Stout,Milk Stout,,Stout Sweet Milk,,,,,7,26,,"On Tap, 6-Pack Cans",,,https://firebasestorage.googleapis.com/v0/b/promotion-3abec.appspot.com/o/static%2Femptycan.png?alt=media,,,,
cosmiceye,floyd,Floyd Wants to Party,Floyd Wants to Party,"Easy drinking summer lager! Light and crisp with robust flavors of raspberry. Brewed with only Pilsner Malt & Monroe Hops. This seasonal lager will only be in rotation for a few months, get it while you can!",Lager,,,,,5,22,,,,,https://firebasestorage.googleapis.com/v0/b/promotion-3abec.appspot.com/o/media%2Fbreweries%2Fcosmiceye%2Fbeers%2Ffloyd%2Ffloyd.png?alt=media,,,,
cosmiceye,festbier,Festbier,Festbier,Cosmic eye beer sited first at south street liquor,Ale,,,,,5.3,n/a,,,,,https://firebasestorage.googleapis.com/v0/b/promotion-3abec.appspot.com/o/static%2Femptycan.png?alt=media,,,,
cosmiceye,open-hearted,Open Hearted,Open Hearted,"Our newest Pale Lager. Made with Pilsner Malt and a brand new hop, 'Emrald Spire'. Perfect for enoying or dreaming of warmer weather. Delicate with notes of white grape, peach, melon, and honey. ",Lager,,,,,4.6,22,,,,,https://firebasestorage.googleapis.com/v0/b/promotion-3abec.appspot.com/o/media%2Fbreweries%2Fcosmiceye%2Fbeers%2Fopen-hearted%2Fopen-hearted.png?alt=media,,,,
cosmiceye,friend-death,Your Friend Death,Your Friend Death,"This Imperial Stout is about as dark as you can get. 100% malt, no additional sugars or flavorings. Deep and lasting flavors of coffee, chocolate, and roasted malts.",Stout,,,,,8.1,66,,,,,https://firebasestorage.googleapis.com/v0/b/promotion-3abec.appspot.com/o/media%2Fbreweries%2Fcosmiceye%2Fbeers%2Ffriend-death%2Ffriend-death.png?alt=media,,,,
cosmiceye,sir-limes-a-lot,Sir Limes-A-Lot ,Sir Limes-A-Lot ,"True to it's name this beer brings the limes to the party! If you're a margarita fan, you'll love this beer. Sour Ale with Lime, Salt, and Coriander. Aged on Oak.",Sour Lime,,,,,4.8,23,,,,,https://firebasestorage.googleapis.com/v0/b/promotion-3abec.appspot.com/o/media%2Fbreweries%2Fcosmiceye%2Fbeers%2Fsir-limes-a-lot%2Fsir-limes-a-lot.png?alt=media,,,,
cosmiceye,laser-2,Laser Quest 2.0,Laser Quest 2.0,Aptly named after those who came before us. Laser Quest 2.0 is an upgrade of tenants previously occupying our space (if you ask us). This one drinks like a fine Rosè and includes an addition of hibiscus bringing a beautiful pink color - that remind us of lasers and smoke machines.,Ale Hibiscus,,,,,5.5,0,,,,,https://firebasestorage.googleapis.com/v0/b/promotion-3abec.appspot.com/o/media%2Fbreweries%2Fcosmiceye%2Fbeers%2Flaser-2%2Flaser-2.png?alt=media,,,,
cosmiceye,call-of-wolf-mama,Call of the Wolf Mama,Call of the Wolf Mama,"This one will make you howl at the moon. Pilsner malt, oats and corn. Hopped singly and intensely with Styrian Wolf hops, undertones of tropical fruit with prominent strawberry aromas and flavors.",Double IPA,,,,,6.5,60,,,,,https://firebasestorage.googleapis.com/v0/b/promotion-3abec.appspot.com/o/static%2Femptycan.png?alt=media,,,,
cosmiceye,straightsun,Straight for the Sun,Straight for the Sun,Dailed down ABV but with all the hops. Amarillo and strisslepalt hops provide notes of citrus and spice. The ultimate summer staple. ,IPA,,,,,4.5,35,,,,,https://firebasestorage.googleapis.com/v0/b/promotion-3abec.appspot.com/o/media%2Fbreweries%2Fcosmiceye%2Fbeers%2Fstraightsun%2Fstraightsun.png?alt=media,,,,
cosmiceye,basilisk,Gaze of the Basilisk,Gaze of the Basilisk,"This German style black lager, or 'Schwarzbier,' starts crisp and ends roasty and smooth. Fans of porters and stouts are likely to enjoy this one.",Black Lager,,,,,4.5,22,,,,,https://firebasestorage.googleapis.com/v0/b/promotion-3abec.appspot.com/o/media%2Fbreweries%2Fcosmiceye%2Fbeers%2Fbasilisk%2Fbasilisk.png?alt=media,,,,
cosmiceye,eyes,Everything has Eyes,Everything has Eyes,This New England style post-haze IPA brings stone fruits & citrus flavors without all the pulpy residue. Large additions of oats for a rounded mouthfeel along with generous and dry hop additions of simcoe and cascade hops.,IPA,,,,,5.8,55,,,,,https://firebasestorage.googleapis.com/v0/b/promotion-3abec.appspot.com/o/media%2Fbreweries%2Fcosmiceye%2Fbeers%2Feyes%2Feyes.png?alt=media,,,,
cosmiceye,forgetting,The Beauty of Forgetting,The Beauty of Forgetting,"This beer was brewed in collaboration with our friends Spotlights to celebrate their last album, Love & Decay and the lives of friends past.",IPA,,,,,6.4,60,,,,,https://firebasestorage.googleapis.com/v0/b/promotion-3abec.appspot.com/o/media%2Fbreweries%2Fcosmiceye%2Fbeers%2Fforgetting%2Fforgetting.png?alt=media,,,,
cosmiceye,deadmansrun,Deadman's Run,Deadman's Run,"This American style lager is Cosmic Eye's version of a beer-beer. Made with 50% corn and late additions of saaz hops, it is crisp, light and refreshing. ",Lager,,,,,4.8,22,,,,,https://firebasestorage.googleapis.com/v0/b/promotion-3abec.appspot.com/o/media%2Fbreweries%2Fcosmiceye%2Fbeers%2Fdeadmansrun%2Fdeadmansrun.png?alt=media,,,,
cosmiceye,unlock-the-time-dragon,Unlock the Time Dragon,Unlock the Time Dragon,"Leans west-coast with a simple grain bill and clean fermentation allowing the hops to shine through. Lots of hop flavor and restrained bitterness. Flavors of orange, grapefruit, and pine.",IPA,,,,,6.1,72,,,,,https://firebasestorage.googleapis.com/v0/b/promotion-3abec.appspot.com/o/media%2Fbreweries%2Fcosmiceye%2Fbeers%2Funlock-the-time-dragon%2Funlock-the-time-dragon.PNG?alt=media,,,,
thunderhead,hopaluia,Hopaluia,Hopaluia,A fine Belgian Pale Ale.,Belgian Pale Ale,,,,,5.2,,,"On Tap, 12oz 6-Pack",,,https://firebasestorage.googleapis.com/v0/b/promotion-3abec.appspot.com/o/media%2Fbreweries%2Fthunderhead%2Fbeers%2Fhopaluia%2Fhopaluia.png?alt=media,,,,
thunderhead,golden-frau,Golden Frau,Golden Frau,Brewed with sweet Nebraska Sand Hills honey,Wheat,,,,,7.5,12,,"On Tap, 12oz 6-Pack",,,https://firebasestorage.googleapis.com/v0/b/promotion-3abec.appspot.com/o/media%2Fbreweries%2Fthunderhead%2Fbeers%2Fgolden-frau%2Fgolden-frau.png?alt=media,,,,
thunderhead,thunder-punch,Thunder Punch,Thunder Punch,Grape Hard Seltzer,Hard Seltzer,,,,,5.6,,,"On Tap, 12oz 6-Pack",,,https://firebasestorage.googleapis.com/v0/b/promotion-3abec.appspot.com/o/static%2Femptycan.png?alt=media,,,,
thunderhead,jalapeno,Jalapeno Ale,Jalapeno Ale,"The nice pepper flavor without a lot of heat, made with fresh jalapenos.",Jalapeno Ale,,,,,5,12,,"On Tap, 12oz 6-Pack",,,https://firebasestorage.googleapis.com/v0/b/promotion-3abec.appspot.com/o/static%2Femptycan.png?alt=media,,,,
thunderhead,thunder-punch-lime,Thunder Punch Lime,Thunder Punch Lime,"Like our original, but lime flavored. Hard Seltzer",Hard Seltzer,,,,,5.6,,,,,,https://firebasestorage.googleapis.com/v0/b/promotion-3abec.appspot.com/o/static%2Femptycan.png?alt=media,,,,
thunderhead,thunder-punch-cherry,Thunder Punch Cherry,Thunder Punch Cherry,A take on our original only cherry flavored. Hard Seltzer,Hard Seltzer,,,,,5.6,,,"On Tap, 12oz 6-Pack",,,https://firebasestorage.googleapis.com/v0/b/promotion-3abec.appspot.com/o/media%2Fbreweries%2Fthunderhead%2Fbeers%2Fthunder-punch-cherry%2Fthunder-punch-cherry.PNG?alt=media,,,,
thunderhead,cornstalker,Cornstalker Dark Wheat,Cornstalker Dark Wheat,"A Dark American Wheat. Clean, roasty, round. Brewed with malted Nebraska Corn. Surprisingly dry. Incredibly drinkable.",American Pale Ale,,,,,5.2,12,,"On Tap, 12oz 6-Pack",,,https://firebasestorage.googleapis.com/v0/b/promotion-3abec.appspot.com/o/media%2Fbreweries%2Fthunderhead%2Fbeers%2Fcornstalker%2Fcornstalker.png?alt=media,,,,
thunderhead,leatherhead,Leatherhead Red,Leatherhead Red,Malty English style red ale hopped with aged Willamette hops for a crisp finish,Black Lager,,,,,5.2,40,,"On Tap, 12oz 6-Pack",,,https://firebasestorage.googleapis.com/v0/b/promotion-3abec.appspot.com/o/media%2Fbreweries%2Fthunderhead%2Fbeers%2Fleatherhead%2Fleatherhead.png?alt=media,,,,
thunderhead,prairiepeach,Prairie Peach,Prairie Peach,An American Wheat Ale made with Oregon Peaches.,American Pale Peach,,,,,5,12,,"On Tap, 12oz 6-Pack",,,https://firebasestorage.googleapis.com/v0/b/promotion-3abec.appspot.com/o/media%2Fbreweries%2Fthunderhead%2Fbeers%2Fprairiepeach%2Fprairiepeach.png?alt=media,,,,
thunderhead,schabens,Schaben's Pilsner,Schaben's Pilsner,A Southern German Style Pilsner.  Malty and Crisp.  This beer is step mashed and fermented cold.,Pilsner,,,,,5,20,,"On Tap, 12oz 6-Pack",,,https://firebasestorage.googleapis.com/v0/b/promotion-3abec.appspot.com/o/media%2Fbreweries%2Fthunderhead%2Fbeers%2Fschabens%2Fschabens.png?alt=media,,,,
thunderhead,cropduster,Cropduster Mid-American IPA,Cropduster Mid-American IPA,Rusty color. Sweet malts for smell. Flavor is bold and sort of smoky with a good malty presence. Overall this a unique in a good way IPA.,IPA,,,,,6.5,75,,"On Tap, 12oz 6-Pack",,,https://firebasestorage.googleapis.com/v0/b/promotion-3abec.appspot.com/o/media%2Fbreweries%2Fthunderhead%2Fbeers%2Fcropduster%2Fcropduster.png?alt=media,,,,
pintnine,cloudjumper,Cloud Jumper,Cloud Jumper,"This New England Pale Ale is dry, has hints of citrus, and is crisp & velvety.",New England Pale Ale,,,,,5.2,25,,"On Tap, 16oz 6-Pack",,,https://firebasestorage.googleapis.com/v0/b/promotion-3abec.appspot.com/o/media%2Fbreweries%2Fpintnine%2Fbeers%2Fcloudjumper%2Fcloudjumper.png?alt=media,,,,
pintnine,brightside,Brightside Honey Hibiscus Ale,Brightside Honey Hibiscus Ale,"Tart, earthy note, fruity, dry, refreshing honey ale",Honey Hibiscus Ale, ,,,,6.9,4.2,,"On Tap, 16oz 6-Pack",,,https://firebasestorage.googleapis.com/v0/b/promotion-3abec.appspot.com/o/static%2Femptycan.png?alt=media,,,,
pintnine,false-idol,False Idol,False Idol,"This IPA features El Dprado, Citra and Idaho 7 hops and shows great flavors of tangerine, melon and pineapple.",IPA,,,,,6.7,25,,,,,https://firebasestorage.googleapis.com/v0/b/promotion-3abec.appspot.com/o/media%2Fbreweries%2Fpintnine%2Fbeers%2Ffalse-idol%2Ffalse-idol.PNG?alt=media,,,,
pintnine,suckerspunch,Sucker's Punch,Sucker's Punch,Sour ale with mangos,Sour Mango,,,,,5,n/a,,"On Tap, 16oz 6-Pack",,,https://firebasestorage.googleapis.com/v0/b/promotion-3abec.appspot.com/o/static%2Femptycan.png?alt=media,,,,
pintnine,osocoffee,Oso Coffee,Oso Coffee,This coffee brown ale has is rich & roasty and has hints of hazelnut. ,Coffee Brown Ale,,,,,5.6,15,,"On Tap, 16oz 6-Pack",,,https://firebasestorage.googleapis.com/v0/b/promotion-3abec.appspot.com/o/media%2Fbreweries%2Fpintnine%2Fbeers%2Fosocoffee%2Fosocoffee.png?alt=media,,,,
pintnine,ipa,IPA,IPA,This IPA is contains stone fruits and is dry and hoppy,IPA,,,,,7,65,,"On Tap, 16oz 6-Pack",,,https://firebasestorage.googleapis.com/v0/b/promotion-3abec.appspot.com/o/media%2Fbreweries%2Fpintnine%2Fbeers%2Fipa%2Fipa.png?alt=media,,,,
infusion,brown,Dominican Brown Ale,Dominican Brown Ale,"Slight roast, brilliant toasted brown sugar flavor with nice chocolate and light carmel backbone to the malt. Pours with a light tan head.",Brown Ale,,,,,6.8,16,,On Tap . 6-Pack Bottles . 12-Pack Cans,,,https://firebasestorage.googleapis.com/v0/b/promotion-3abec.appspot.com/o/media%2Fbreweries%2Finfusion%2Fbeers%2Fbrown%2Fbrown.png?alt=media,,,,
infusion,vbb-pumpkin,Pumpkin Vanilla Bean,Pumpkin Vanilla Bean,Nothing welcomes fall quite like the flavors of pumpkin and spice. Our classic Vanilla Bean Blonde has been blended with a generous addition of smooth pumpkin goodness and a hint of spice for a perfect fall time treat.,Pumpkin Yam Beer,,,,,4.8,16,,On Tap . 6-Pack Bottles . 12-Pack Cans,,,https://firebasestorage.googleapis.com/v0/b/promotion-3abec.appspot.com/o/media%2Fbreweries%2Finfusion%2Fbeers%2Fvbb-pumpkin%2Fvbb-pumpkin.png?alt=media,,,,
infusion,wild-white-peach,Wild White Peach Hard Seltzer ,Wild White Peach Hard Seltzer ,"Take a bite out of this juicy peach! This invigorating seltzer brings out subtle hints of peach. If I had my little way, I’d drink Wild White Peach Seltzer every day.",Hard Seltzer,,,,,6,n/a,,,,,https://firebasestorage.googleapis.com/v0/b/promotion-3abec.appspot.com/o/media%2Fbreweries%2Finfusion%2Fbeers%2Fwild-white-peach%2Fwild-white-peach.png?alt=media,,,,
infusion,pistachio,Pistachio Porter,Pistachio Porter,"Brewed with English malts and a generous amount of cocoa powder. This beer is warming and full bodied. As the brew warms, the chocolate character and sweetness rolls out of the top of the glass.",Porter,,,,,5,33,,,,,https://firebasestorage.googleapis.com/v0/b/promotion-3abec.appspot.com/o/media%2Fbreweries%2Finfusion%2Fbeers%2Fpistachio%2Fpistachio.PNG?alt=media,,,,
infusion,cucumber-lime,Cucumber Lime Hard Seltzer,Cucumber Lime Hard Seltzer,"Some things just go together like peas and carrots but maybe not in a seltzer. We opted for fresh cucumber and lime, you’re welcome.",Hard Seltzer,,,,,6,n/a,,,,,https://firebasestorage.googleapis.com/v0/b/promotion-3abec.appspot.com/o/media%2Fbreweries%2Finfusion%2Fbeers%2Fcucumber-lime%2Fcucumber-lime.PNG?alt=media,,,,
infusion,pineapple-mango,Pineapple Mango Hard Seltzer,Pineapple Mango Hard Seltzer,"Pineapples, mangoes and bubbles, OH MY! Full of flavors that pack a punch, this hard seltzer takes you to a tropical paradise",Hard Seltzer,,,,,4.8,n/a,,,,,https://firebasestorage.googleapis.com/v0/b/promotion-3abec.appspot.com/o/media%2Fbreweries%2Finfusion%2Fbeers%2Fpineapple-mango%2Fpineapple-mango.png?alt=media,,,,
infusion,squatcho,El Squatcho Mexican Lager,El Squatcho Mexican Lager,"It goes by many names, but around here it's El Squatcho. Rumored to quench even the biggest of thirsts, this Mexican style lager is light, crisp and crushable.",Lager,,,,,4.3,22,,On Tap . 6-Pack Bottles . 12-Pack Cans,,,https://firebasestorage.googleapis.com/v0/b/promotion-3abec.appspot.com/o/media%2Fbreweries%2Finfusion%2Fbeers%2Fsquatcho%2Fsquatcho.png?alt=media,,,,
infusion,vbb-mexican,Infusion Mexican Vanilla Bean Blonde Ale,Infusion Mexican Vanilla Bean Blonde Ale,"To celebrate our seventh birthday we decided to have some fun with our flagship beer, replacing the usual Madagascar vanilla with Mexican vanilla for a fun twist on an old favorite. Rich, creamy with big notes of cinnamon we think you will enjoy this liquid birthday cake!",Mexican Blonde,,,,,4.8,16,,On Tap . 6-Pack Bottles . 12-Pack Cans,,,https://firebasestorage.googleapis.com/v0/b/promotion-3abec.appspot.com/o/static%2Femptycan.png?alt=media,,,,
infusion,vanilla-bean,Vanilla Bean Blonde Ale,Vanilla Bean Blonde Ale,"This blonde ale is smooth with vanilla and Bready notes. Hopped only to balance the beer, this is an easy drinking ale.",Blonde Ale,n/a,n/a,,"Vanillia, Light, Smooth",4.8,16,,On Tap . 6-Pack Bottles . 12-Pack Cans,,,https://firebasestorage.googleapis.com/v0/b/promotion-3abec.appspot.com/o/media%2Fbreweries%2Finfusion%2Fbeers%2Fvanilla-bean%2Fvanilla-bean.png?alt=media,,,,
infusion,pineapplecoconut,Pineapple Coconut Vanilla Bean Blonde,Pineapple Coconut Bean Vanilla Blonde ,Our Vanilla Bean Blonde ale with Pineapples and Coconut.,Pineapple Coconut Ale,,,,,4.8,18,,On Tap . 6-Pack Bottles . 12-Pack Cans,,,https://firebasestorage.googleapis.com/v0/b/promotion-3abec.appspot.com/o/media%2Fbreweries%2Finfusion%2Fbeers%2Fpineapplecoconut%2Fpineapplecoconut.png?alt=media,,,,
infusion,radial,Radial IPA,Radial IPA,"Radial is Infusion's way of thanking the West Coast for providing us with an incredible IPA. This Brash beer is light in color and packed full of hoppy goodness. With over 22 pounds of American hops, this should please even the craziest hophead.",IPA,,,,,6.8,84,,On Tap . 6-Pack Bottles . 12-Pack Cans,,,https://firebasestorage.googleapis.com/v0/b/promotion-3abec.appspot.com/o/media%2Fbreweries%2Finfusion%2Fbeers%2Fradial%2Fradial.png?alt=media,,,,
flyover,blackbird,Blackbird Schwarzbier,Blackbird Schwarzbier,"Dark German lager with a lighter body, smooth roast character and a crisp finish.",,,,,,4.2,,,On Tap . 6-Pack Bottles . 12-Pack Cans,,,https://firebasestorage.googleapis.com/v0/b/promotion-3abec.appspot.com/o/media%2Fbreweries%2Fflyover%2Fbeers%2Fblackbird%2Fblackbird.png?alt=media,,,,
flyover,npa,Nebraska Pale Ale,Nebraska Pale Ale,"A somewhat hazy & fruity, strong pale ale. The hops create juicy apricot, over-ripe mango and orange zest flavor with a mild bitterness into the finish.",,,,,,6,,,On Tap . 6-Pack Bottles . 12-Pack Cans,,,https://firebasestorage.googleapis.com/v0/b/promotion-3abec.appspot.com/o/media%2Fbreweries%2Fflyover%2Fbeers%2Fnpa%2Fnpa.png?alt=media,,,,
flyover,hellcat,Hellcat Helles,Hellcat Helles,Easy drinking lager with a pleasant pilsner malt sweetness and fresh noble hop aroma.,,,,,,4.8,,,On Tap . 6-Pack Bottles . 12-Pack Cans,,,https://firebasestorage.googleapis.com/v0/b/promotion-3abec.appspot.com/o/media%2Fbreweries%2Fflyover%2Fbeers%2Fhellcat%2Fhellcat.png?alt=media,,,,
whiteelm,harrow,Harrow Saison,Harrow Saison,"Traditional Farmhouse style ale brewed with Wallonian saison yeast strain, Pilsner Barley, Wheat Malt, and Czech Saaz hops.",Farmhouse Ale - Saison,,,,,6.5,n/a,,On Tap . 16oz 4-Pack Can,,,https://firebasestorage.googleapis.com/v0/b/promotion-3abec.appspot.com/o/media%2Fbreweries%2Fwhiteelm%2Fbeers%2Fharrow%2Fharrow.png?alt=media,,,,
whiteelm,small-batch,Small Batch Special,Small Batch Special,A small batch offering from White Elm. Call store or come in for more details.,Small Batch,,,,,0,n/a,,,,,https://firebasestorage.googleapis.com/v0/b/promotion-3abec.appspot.com/o/static%2Femptycan.png?alt=media,,,,
whiteelm,mega-cd,Mega C & D Chocalate Sandwich Cookie Stout,Mega C & D Chocalate Sandwich Cookie Stout,"As it turns out, a certain multi-national corporation was not so happy with our beer names, or at least one specifically. In honor of our first cease and desist, we brewed an imperial version of said now-nameless beer. Let's keep this imperial chocolate cookie sandwich beer on the low-low though, they seemed really serious. A strong stout not for the faith of heart.",Chocolate Cookie Stout,,,,,12.5,n/a,,,,,https://firebasestorage.googleapis.com/v0/b/promotion-3abec.appspot.com/o/media%2Fbreweries%2Fwhiteelm%2Fbeers%2Fmega-cd%2Fmega-cd.png?alt=media,,,,
whiteelm,pma,PMA - Positive Mental Attitude,PMA - Positive Mental Attitude,A unique American Pale Ale from yours truly.,Pale Ale,,,,,5.9,n/a,,,,,https://firebasestorage.googleapis.com/v0/b/promotion-3abec.appspot.com/o/media%2Fbreweries%2Fwhiteelm%2Fbeers%2Fpma%2Fpma.PNG?alt=media,,,,
whiteelm,inverted-mosaic,Inverted Mosaic Double IPA,Inverted Mosaic Double IPA,A strong double IPA for those who love complex hoppy flavors.,Double IPA,,,,,8,60,,,,,https://firebasestorage.googleapis.com/v0/b/promotion-3abec.appspot.com/o/media%2Fbreweries%2Fwhiteelm%2Fbeers%2Finverted-mosiac%2Finverted-mosaic.png?alt=media,,,,
whiteelm,rollo,Rollo,Rollo,"Classic German malt bill meets American Equinox, Citra & El Dorado hops for a sessionable, aromatic flavor",Wheat Pale,,,,,5.1,36,,,,,https://firebasestorage.googleapis.com/v0/b/promotion-3abec.appspot.com/o/media%2Fbreweries%2Fwhiteelm%2Fbeers%2Frollo%2Frollo.PNG?alt=media,,,,
whiteelm,atypical-deviation,Atypical Deviation,Atypical Deviation,A strong unique brew for the inquisitive at heart.,,,,,,10,n/a,,,,,https://firebasestorage.googleapis.com/v0/b/promotion-3abec.appspot.com/o/media%2Fbreweries%2Fwhiteelm%2Fbeers%2Fatypical-deviation%2Fatypical-deviation.PNG?alt=media,,,,
whiteelm,paradigm-shift,Paradigm Shift,Paradigm Shift,"A traveling companion of an IPA, Paradigm Shift offers all of the brilliant hop character of a more robust IPA in a sessionable package. Cheers to your next adventure.",IPA session,,,,,4.3,n/a,,,,,https://firebasestorage.googleapis.com/v0/b/promotion-3abec.appspot.com/o/static%2Femptycan.png?alt=media,,,,
whiteelm,prost,Prost!,Prost!,"A silky smooth and pleasant festbier with hints of clove, banana, and vanilla bread. ",Festbier,,,,,6,n/a,,,,,https://firebasestorage.googleapis.com/v0/b/promotion-3abec.appspot.com/o/media%2Fbreweries%2Fwhiteelm%2Fbeers%2Fprost%2Fprost.PNG?alt=media,,,,
whiteelm,malverde,Malverde,Malverde,"Mexican Style Lager made with Pilsner Malt, Corn, and Neomexicanus Hops",,,,,,5,n/a,,,,,https://firebasestorage.googleapis.com/v0/b/promotion-3abec.appspot.com/o/media%2Fbreweries%2Fwhiteelm%2Fbeers%2Fmalverde%2Fmalverde.png?alt=media,,,,
whiteelm,inverted,Inverted Galaxy,Inverted Galaxy,"Hazy, juicy, imperial hopped up goodness!",Double IPA,,,,,8,25,,On Tap . 16oz 4-Pack Can,,,https://firebasestorage.googleapis.com/v0/b/promotion-3abec.appspot.com/o/media%2Fbreweries%2Fwhiteelm%2Fbeers%2Finverted%2Finverted.png?alt=media,,,,
whiteelm,chocolate,Chocolate Hazelnut Oatmeal Stout,Chocolate Hazelnut Oatmeal Stout,"Double Oatmeal Stout made with Cacao Nibs, Hazelnut Flour, Milk Chocolate, Oats, and Lactose.",Oatmeal Stout,,,,,8,n/a,,On Tap . 16oz 4-Pack Can,,,https://firebasestorage.googleapis.com/v0/b/promotion-3abec.appspot.com/o/media%2Fbreweries%2Fwhiteelm%2Fbeers%2Fchocolate%2Fchocolate.png?alt=media,,,,
whiteelm,deadlines,Deadlines,Deadlines,Fruit IPA made with copious amounts of pineapple and El Dorado and Citra hops.,IPA,,,,,7,n/a,,On Tap . 16oz 4-Pack Can,,,https://firebasestorage.googleapis.com/v0/b/promotion-3abec.appspot.com/o/media%2Fbreweries%2Fwhiteelm%2Fbeers%2Fdeadlines%2Fdeadlines.png?alt=media,,,,
whiteelm,skinny-leg,Skinny Leg,Skinny Leg,"This juicy and aromatic beer is brewed with Simcoe, Mosaic, Amarillo & Citra hops and balanced with pilsen malt and white wheat.",IPA,,,,,7.8,n/a,,On Tap . 12oz 6-Pack Can,,,https://firebasestorage.googleapis.com/v0/b/promotion-3abec.appspot.com/o/media%2Fbreweries%2Fwhiteelm%2Fbeers%2Fskinny-leg%2Fskinny-leg.png?alt=media,,,,
backswing,wheat,Wheat,Wheat,"Brewed with German wheat, malt, and finished with an American ale yeast. It’s clean and crisp with a touch of orange flavor from the Pacifica hops we use to brew this unfiltered beer.",Wheat Ale,,,,,5.1,15,,"On Tap, 6-Pack Cans",,,https://firebasestorage.googleapis.com/v0/b/promotion-3abec.appspot.com/o/media%2Fbreweries%2Fbackswing%2Fbeers%2Fwheat%2Fwheat.png?alt=media,,,,
backswing,brown,Brown,Brown,"Styled after the English brown, Backswing Brown is a great, year-round ale. With hints of chocolate, this easy drinking brown ale is dark in color and rich in flavor.",Brown Ale,,,,,6.5,34,,"On Tap, 6-Pack Cans",,,https://firebasestorage.googleapis.com/v0/b/promotion-3abec.appspot.com/o/static%2Femptycan.png?alt=media,,,,
backswing,backspin,Backspin,Backspin,A wheat beer- email us your description.,Wheat,,,,,5.3,10,,"On Tap, 6-Pack Cans",,,https://firebasestorage.googleapis.com/v0/b/promotion-3abec.appspot.com/o/static%2Femptycan.png?alt=media,,,,
backswing,scottish,Scottish Ale,Scottish Ale,"Having toffee and roasted malt flavors combined with a slight hop presence, our take on the '80 Schilling' will transport you to the deep Lochs and rolling green hills of the Scottish Highlands. Enjoy this malt forward, clean finishing, easy drinking ale that is perfect for mild weather or long cool nights with friends.",Scottish Ale,,,,,5.8,21,,"On Tap, 6-Pack Cans",,,https://firebasestorage.googleapis.com/v0/b/promotion-3abec.appspot.com/o/static%2Femptycan.png?alt=media,,,,
backswing,ipa,IPA,IPA,"An English-style IPA. Heavy-handed on the hops, but tempered with a malty-sweet caramel finish - Dry-hopped and flavorful, with our IPA it's all in the Backswing.",IPA,,,,,8,85,,"On Tap, 6-Pack Cans",,,https://firebasestorage.googleapis.com/v0/b/promotion-3abec.appspot.com/o/media%2Fbreweries%2Fbackswing%2Fbeers%2Fipa%2Fipa.png?alt=media,,,,
backswing,apple-wheat,Apple Wheat Ale,Apple Wheat Ale,Apple juice from the Pacific Northwest combined with unfiltered wheat beer to form a unique cider-beer hybrid.,Fruit Wheat Ale,,,,,5.3,10,,"On Tap, 6-Pack Cans",,,https://firebasestorage.googleapis.com/v0/b/promotion-3abec.appspot.com/o/media%2Fbreweries%2Fbackswing%2Fbeers%2Fapple-wheat%2Fapple-wheat.PNG?alt=media,,,,
backswing,citra-kolsch,Citra Kolsch,Citra Kolsch,"Traditional style Kolsch with a twist: Americanized with Citra hops, light-bodies, light in color, with a hint of tropical fruits. ",Kolsch,,,,,5.2,22,,"On Tap, 6-Pack Cans",,,https://firebasestorage.googleapis.com/v0/b/promotion-3abec.appspot.com/o/media%2Fbreweries%2Fbackswing%2Fbeers%2Fcitra-kolsch%2Fcitra-kolsch.PNG?alt=media,,,,
backswing,oatmeal-stout,Oatmeal Stout,Oatmeal Stout,"Dark, roasty, and light-bodied. Made with chocolate and roasted malts to produce flavors like chocolate and coffee.",Stout,,,,,5.5,29,,"On Tap, 6-Pack Cans",,,https://firebasestorage.googleapis.com/v0/b/promotion-3abec.appspot.com/o/media%2Fbreweries%2Fbackswing%2Fbeers%2Foatmeal-stout%2Foatmeal-stout.PNG?alt=media,,,,
backswing,bugeater,Bugeater Goalden Ale,Bugeater Goalden Ale,"A light, grainy-sweet Golden Ale is brewed in support of Omaha's soccer team, Bugeaters FC.",Ale,,,,,5.2,17,,"On Tap, 6-Pack Cans",,,https://firebasestorage.googleapis.com/v0/b/promotion-3abec.appspot.com/o/media%2Fbreweries%2Fbackswing%2Fbeers%2Fbugeater%2Fbugeater.PNG?alt=media,,,,
luckybucket,belly-flop,Belly Flop Strawberry Blonde Ale,Belly Flop Strawberry Blonde Ale,"The sun is shining, the skies are clear blue and you can just about smell the barbecue grill and campfire. We crafted our Strawberry Blonde Ale, Belly Flop, for these moments. A crisp, tasty golden ale with a light touch of sweet strawberry puree, it's as easy and mellow as a lazy summer afternoon.",Strawberry Blonde Ale,,,,,4.5,10,,"On Tap, 12oz 6-Pack",,,https://firebasestorage.googleapis.com/v0/b/promotion-3abec.appspot.com/o/media%2Fbreweries%2Fluckybucket%2Fbeers%2Fbelly-flop%2Fbelly-flop.png?alt=media,,,,
luckybucket,wickedjoe,Wicked Joe,Wicked Joe,"This Imperial Oatmeal Stout has taken a turn for the wicked. After brooding in whiskey barrels and conspiring with coffee and vanilla, Certified Evil has emerged a seductive and menacing fiend.",Coffee Vanilla Stout,,,,,9.1,n/a,,"On Tap, 12oz 6-Pack",,,https://firebasestorage.googleapis.com/v0/b/promotion-3abec.appspot.com/o/media%2Fbreweries%2Fluckybucket%2Fbeers%2Fwickedjoe%2Fwickedjoe.PNG?alt=media,,,,
luckybucket,snowsuit,Snowsuit,Snowsuit,"Snowsuit ale is a spiced Belgian Abbey ale, brewed in the traditional style that goes back centuries, but with a fresh spin. Lucky Bucket uses a blend of six spices to perfectly accent fruity notes drived from Traditional Belgian Trappist yeast, bringing out the flavors of the season.",Spiced Belgian Abbey Ale,,,,,5.3,n/a,,"On Tap, 12oz 6-Pack",,,https://firebasestorage.googleapis.com/v0/b/promotion-3abec.appspot.com/o/media%2Fbreweries%2Fluckybucket%2Fbeers%2Fsnowsuit%2Fsnowsuit.PNG?alt=media,,,,
luckybucket,jug,Jug Thumper,Jug Thumper,"This burly brown ale is serving up rich, malty caramel with a shot of cocoa. Drink and be satisfied. Fortune favors the bold.",Cocoa Brown Ale,,,,,5.5,n/a,,"On Tap, 12oz 6-Pack",,,https://firebasestorage.googleapis.com/v0/b/promotion-3abec.appspot.com/o/media%2Fbreweries%2Fluckybucket%2Fbeers%2Fjug%2Fjug.PNG?alt=media,,,,
luckybucket,tropicwonder,Tropic Wonder,Tropic Wonder,"When the sun sets, the party's just starting. A little bit of sweet and a little bit of spice is the perfect recipe for a good time. ",Mango Habanero Blonde,,,,,4,n/a,,"On Tap, 12oz 6-Pack",,,https://firebasestorage.googleapis.com/v0/b/promotion-3abec.appspot.com/o/media%2Fbreweries%2Fluckybucket%2Fbeers%2Ftropicwonder%2Ftropicwonder.PNG?alt=media,,,,
luckybucket,oktoberfest ,Oktoberfest ,Oktoberfest ,"Using only the finest German malt and hops for a delicious malty flavor, full body, and crisp finish, even Prince Ludwig would trade his bride for this one. ",Marzen October,,,,,5.5,17,,"On Tap, 12oz 6-Pack",,,https://firebasestorage.googleapis.com/v0/b/promotion-3abec.appspot.com/o/static%2Femptycan.png?alt=media,,,,
luckybucket,evil,Certified Evil,Certified Evil,"An Imperial Oatmeal Stout that is as unrelenting in flavor as it is unapologetic in it's bravado, Certified Evil is truly a legend.",Oatmeal Stout,,,,,9.1,48*,,"On Tap, 12oz 6-Pack",,,https://firebasestorage.googleapis.com/v0/b/promotion-3abec.appspot.com/o/media%2Fbreweries%2Fluckybucket%2Fbeers%2Fevil%2Fevil.png?alt=media,,,,
luckybucket,groover,The Groover,The Groover,The mellow malt gets things moving while the funky hop bass line drops. Get a whiff and take a sip. Now you're in the groove! This is a smooth and hoppy IPA for your enjoyment. ,IPA,,,,,7,n/a,,"On Tap, 12oz 6-Pack",,,https://firebasestorage.googleapis.com/v0/b/promotion-3abec.appspot.com/o/media%2Fbreweries%2Fluckybucket%2Fbeers%2Fgroover%2Fgroover.png?alt=media,,,,
luckybucket,prohibition,Pre-Prohibition Lager,Pre-Prohibition Lager,Lucky Bucket claims this Pre-Prohibition Style lager is the smoothest most flavorful lager this side of the Mississipi. Combines 100% malted barley with the perfect amount of hops.,Amber Lager,,,,,4,n/a,,"On Tap, 12oz 6-Pack",,,https://firebasestorage.googleapis.com/v0/b/promotion-3abec.appspot.com/o/media%2Fbreweries%2Fluckybucket%2Fbeers%2Fprohibition%2Fprohibition.png?alt=media,,,,
luckybucket,blondeale,Blonde Ale,Blonde Ale,"A simple good, easy drinking beer, this is delicious, refreshing, and crisp. ",Light Blonde Ale,,,,,4,n/a,,"On Tap, 16oz 6-Pack",,,https://firebasestorage.googleapis.com/v0/b/promotion-3abec.appspot.com/o/media%2Fbreweries%2Fluckybucket%2Fbeers%2Fblondeale%2Fblondeale.png?alt=media,,,,